UNIT,YEAR,SEX,AGE,ESTIMATE
"Deaths per 100,000 resident population, crude",1950,Male,10-14 years,0.5
"Deaths per 100,000 resident population, crude",1960,Male,10-14 years,0.9
"Deaths per 100,000 resident population, crude",1970,Male,10-14 years,0.9
"Deaths per 100,000 resident population, crude",1980,Male,10-14 years,1.2
"Deaths per 100,000 resident population, crude",1981,Male,10-14 years,1.2
"Deaths per 100,000 resident population, crude",1982,Male,10-14 years,1.7
"Deaths per 100,000 resident population, crude",1983,Male,10-14 years,1.6
"Deaths per 100,000 resident population, crude",1984,Male,10-14 years,1.9
"Deaths per 100,000 resident population, crude",1985,Male,10-14 years,2.3
"Deaths per 100,000 resident population, crude",1986,Male,10-14 years,2.3
"Deaths per 100,000 resident population, crude",1987,Male,10-14 years,2.4
"Deaths per 100,000 resident population, crude",1988,Male,10-14 years,2.1
"Deaths per 100,000 resident population, crude",1989,Male,10-14 years,2.1
"Deaths per 100,000 resident population, crude",1990,Male,10-14 years,2.2
"Deaths per 100,000 resident population, crude",1991,Male,10-14 years,2.3
"Deaths per 100,000 resident population, crude",1992,Male,10-14 years,2.4
"Deaths per 100,000 resident population, crude",1993,Male,10-14 years,2.4
"Deaths per 100,000 resident population, crude",1994,Male,10-14 years,2.4
"Deaths per 100,000 resident population, crude",1995,Male,10-14 years,2.6
"Deaths per 100,000 resident population, crude",1996,Male,10-14 years,2.2
"Deaths per 100,000 resident population, crude",1997,Male,10-14 years,2.3
"Deaths per 100,000 resident population, crude",1998,Male,10-14 years,2.3
"Deaths per 100,000 resident population, crude",1999,Male,10-14 years,1.9
"Deaths per 100,000 resident population, crude",2000,Male,10-14 years,2.3
"Deaths per 100,000 resident population, crude",2001,Male,10-14 years,1.9
"Deaths per 100,000 resident population, crude",2002,Male,10-14 years,1.8
"Deaths per 100,000 resident population, crude",2003,Male,10-14 years,1.7
"Deaths per 100,000 resident population, crude",2004,Male,10-14 years,1.7
"Deaths per 100,000 resident population, crude",2005,Male,10-14 years,1.9
"Deaths per 100,000 resident population, crude",2006,Male,10-14 years,1.4
"Deaths per 100,000 resident population, crude",2007,Male,10-14 years,1.2
"Deaths per 100,000 resident population, crude",2008,Male,10-14 years,1.4
"Deaths per 100,000 resident population, crude",2009,Male,10-14 years,1.6
"Deaths per 100,000 resident population, crude",2010,Male,10-14 years,1.7
"Deaths per 100,000 resident population, crude",2011,Male,10-14 years,1.9
"Deaths per 100,000 resident population, crude",2012,Male,10-14 years,2.1
"Deaths per 100,000 resident population, crude",2013,Male,10-14 years,2.3
"Deaths per 100,000 resident population, crude",2014,Male,10-14 years,2.6
"Deaths per 100,000 resident population, crude",2015,Male,10-14 years,2.4
"Deaths per 100,000 resident population, crude",2016,Male,10-14 years,2.5
"Deaths per 100,000 resident population, crude",2017,Male,10-14 years,3.3
"Deaths per 100,000 resident population, crude",2018,Male,10-14 years,3.7
"Deaths per 100,000 resident population, crude",1950,Male,15-24 years,6.5
"Deaths per 100,000 resident population, crude",1960,Male,15-24 years,8.2
"Deaths per 100,000 resident population, crude",1970,Male,15-24 years,13.5
"Deaths per 100,000 resident population, crude",1980,Male,15-24 years,20.2
"Deaths per 100,000 resident population, crude",1981,Male,15-24 years,19.7
"Deaths per 100,000 resident population, crude",1982,Male,15-24 years,19.8
"Deaths per 100,000 resident population, crude",1983,Male,15-24 years,19.2
"Deaths per 100,000 resident population, crude",1984,Male,15-24 years,20.3
"Deaths per 100,000 resident population, crude",1985,Male,15-24 years,21
"Deaths per 100,000 resident population, crude",1986,Male,15-24 years,21.3
"Deaths per 100,000 resident population, crude",1987,Male,15-24 years,20.8
"Deaths per 100,000 resident population, crude",1988,Male,15-24 years,21.3
"Deaths per 100,000 resident population, crude",1989,Male,15-24 years,21.5
"Deaths per 100,000 resident population, crude",1990,Male,15-24 years,22
"Deaths per 100,000 resident population, crude",1991,Male,15-24 years,21.8
"Deaths per 100,000 resident population, crude",1992,Male,15-24 years,21.7
"Deaths per 100,000 resident population, crude",1993,Male,15-24 years,22.1
"Deaths per 100,000 resident population, crude",1994,Male,15-24 years,23
"Deaths per 100,000 resident population, crude",1995,Male,15-24 years,22
"Deaths per 100,000 resident population, crude",1996,Male,15-24 years,19.8
"Deaths per 100,000 resident population, crude",1997,Male,15-24 years,18.6
"Deaths per 100,000 resident population, crude",1998,Male,15-24 years,18.1
"Deaths per 100,000 resident population, crude",1999,Male,15-24 years,16.8
"Deaths per 100,000 resident population, crude",2000,Male,15-24 years,17.1
"Deaths per 100,000 resident population, crude",2001,Male,15-24 years,16.5
"Deaths per 100,000 resident population, crude",2002,Male,15-24 years,16.4
"Deaths per 100,000 resident population, crude",2003,Male,15-24 years,15.9
"Deaths per 100,000 resident population, crude",2004,Male,15-24 years,16.7
"Deaths per 100,000 resident population, crude",2005,Male,15-24 years,16.1
"Deaths per 100,000 resident population, crude",2006,Male,15-24 years,16
"Deaths per 100,000 resident population, crude",2007,Male,15-24 years,15.7
"Deaths per 100,000 resident population, crude",2008,Male,15-24 years,16
"Deaths per 100,000 resident population, crude",2009,Male,15-24 years,16.1
"Deaths per 100,000 resident population, crude",2010,Male,15-24 years,16.9
"Deaths per 100,000 resident population, crude",2011,Male,15-24 years,17.6
"Deaths per 100,000 resident population, crude",2012,Male,15-24 years,17.4
"Deaths per 100,000 resident population, crude",2013,Male,15-24 years,17.3
"Deaths per 100,000 resident population, crude",2014,Male,15-24 years,18.2
"Deaths per 100,000 resident population, crude",2015,Male,15-24 years,19.4
"Deaths per 100,000 resident population, crude",2016,Male,15-24 years,20.5
"Deaths per 100,000 resident population, crude",2017,Male,15-24 years,22.7
"Deaths per 100,000 resident population, crude",2018,Male,15-24 years,22.7
"Deaths per 100,000 resident population, crude",1950,Male,20-24 years,9.3
"Deaths per 100,000 resident population, crude",1960,Male,20-24 years,11.5
"Deaths per 100,000 resident population, crude",1970,Male,20-24 years,19.3
"Deaths per 100,000 resident population, crude",1980,Male,20-24 years,26.8
"Deaths per 100,000 resident population, crude",1981,Male,20-24 years,25.7
"Deaths per 100,000 resident population, crude",1982,Male,20-24 years,25.2
"Deaths per 100,000 resident population, crude",1983,Male,20-24 years,24
"Deaths per 100,000 resident population, crude",1984,Male,20-24 years,25.7
"Deaths per 100,000 resident population, crude",1985,Male,20-24 years,25.7
"Deaths per 100,000 resident population, crude",1986,Male,20-24 years,26
"Deaths per 100,000 resident population, crude",1987,Male,20-24 years,25.3
"Deaths per 100,000 resident population, crude",1988,Male,20-24 years,24.8
"Deaths per 100,000 resident population, crude",1989,Male,20-24 years,25.2
"Deaths per 100,000 resident population, crude",1990,Male,20-24 years,25.7
"Deaths per 100,000 resident population, crude",1991,Male,20-24 years,25.4
"Deaths per 100,000 resident population, crude",1992,Male,20-24 years,25.4
"Deaths per 100,000 resident population, crude",1993,Male,20-24 years,26.5
"Deaths per 100,000 resident population, crude",1994,Male,20-24 years,28
"Deaths per 100,000 resident population, crude",1995,Male,20-24 years,27
"Deaths per 100,000 resident population, crude",1996,Male,20-24 years,24.5
"Deaths per 100,000 resident population, crude",1997,Male,20-24 years,22.7
"Deaths per 100,000 resident population, crude",1998,Male,20-24 years,22.3
"Deaths per 100,000 resident population, crude",1999,Male,20-24 years,20.8
"Deaths per 100,000 resident population, crude",2000,Male,20-24 years,21.4
"Deaths per 100,000 resident population, crude",2001,Male,20-24 years,20.5
"Deaths per 100,000 resident population, crude",2002,Male,20-24 years,20.8
"Deaths per 100,000 resident population, crude",2003,Male,20-24 years,20.6
"Deaths per 100,000 resident population, crude",2004,Male,20-24 years,21.1
"Deaths per 100,000 resident population, crude",2005,Male,20-24 years,20.4
"Deaths per 100,000 resident population, crude",2006,Male,20-24 years,21
"Deaths per 100,000 resident population, crude",2007,Male,20-24 years,20.9
"Deaths per 100,000 resident population, crude",2008,Male,20-24 years,21
"Deaths per 100,000 resident population, crude",2009,Male,20-24 years,20.8
"Deaths per 100,000 resident population, crude",2010,Male,20-24 years,22.2
"Deaths per 100,000 resident population, crude",2011,Male,20-24 years,22.3
"Deaths per 100,000 resident population, crude",2012,Male,20-24 years,22
"Deaths per 100,000 resident population, crude",2013,Male,20-24 years,21.9
"Deaths per 100,000 resident population, crude",2014,Male,20-24 years,22.9
"Deaths per 100,000 resident population, crude",2015,Male,20-24 years,24.2
"Deaths per 100,000 resident population, crude",2016,Male,20-24 years,25.9
"Deaths per 100,000 resident population, crude",2017,Male,20-24 years,27.2
"Deaths per 100,000 resident population, crude",2018,Male,20-24 years,27.9
"Deaths per 100,000 resident population, crude",1950,Male,25-44 years,17.2
"Deaths per 100,000 resident population, crude",1960,Male,25-44 years,17.9
"Deaths per 100,000 resident population, crude",1970,Male,25-44 years,20.9
"Deaths per 100,000 resident population, crude",1980,Male,25-44 years,24
"Deaths per 100,000 resident population, crude",1981,Male,25-44 years,24.5
"Deaths per 100,000 resident population, crude",1982,Male,25-44 years,24.1
"Deaths per 100,000 resident population, crude",1983,Male,25-44 years,23.8
"Deaths per 100,000 resident population, crude",1984,Male,25-44 years,24.1
"Deaths per 100,000 resident population, crude",1985,Male,25-44 years,23.7
"Deaths per 100,000 resident population, crude",1986,Male,25-44 years,24.6
"Deaths per 100,000 resident population, crude",1987,Male,25-44 years,24.2
"Deaths per 100,000 resident population, crude",1988,Male,25-44 years,24.3
"Deaths per 100,000 resident population, crude",1989,Male,25-44 years,23.8
"Deaths per 100,000 resident population, crude",1990,Male,25-44 years,24.4
"Deaths per 100,000 resident population, crude",1991,Male,25-44 years,23.9
"Deaths per 100,000 resident population, crude",1992,Male,25-44 years,23.7
"Deaths per 100,000 resident population, crude",1993,Male,25-44 years,24.1
"Deaths per 100,000 resident population, crude",1994,Male,25-44 years,24.4
"Deaths per 100,000 resident population, crude",1995,Male,25-44 years,24.4
"Deaths per 100,000 resident population, crude",1996,Male,25-44 years,23.8
"Deaths per 100,000 resident population, crude",1997,Male,25-44 years,23.2
"Deaths per 100,000 resident population, crude",1998,Male,25-44 years,22.7
"Deaths per 100,000 resident population, crude",1999,Male,25-44 years,21.6
"Deaths per 100,000 resident population, crude",2000,Male,25-44 years,21.3
"Deaths per 100,000 resident population, crude",2001,Male,25-44 years,22.2
"Deaths per 100,000 resident population, crude",2002,Male,25-44 years,22.5
"Deaths per 100,000 resident population, crude",2003,Male,25-44 years,22.3
"Deaths per 100,000 resident population, crude",2004,Male,25-44 years,22.2
"Deaths per 100,000 resident population, crude",2005,Male,25-44 years,22.1
"Deaths per 100,000 resident population, crude",2006,Male,25-44 years,22.1
"Deaths per 100,000 resident population, crude",2007,Male,25-44 years,22.9
"Deaths per 100,000 resident population, crude",2008,Male,25-44 years,22.8
"Deaths per 100,000 resident population, crude",2009,Male,25-44 years,23
"Deaths per 100,000 resident population, crude",2010,Male,25-44 years,23.6
"Deaths per 100,000 resident population, crude",2011,Male,25-44 years,24
"Deaths per 100,000 resident population, crude",2012,Male,25-44 years,24.5
"Deaths per 100,000 resident population, crude",2013,Male,25-44 years,24.1
"Deaths per 100,000 resident population, crude",2014,Male,25-44 years,24.4
"Deaths per 100,000 resident population, crude",2015,Male,25-44 years,25.2
"Deaths per 100,000 resident population, crude",2016,Male,25-44 years,26.2
"Deaths per 100,000 resident population, crude",2017,Male,25-44 years,27.5
"Deaths per 100,000 resident population, crude",2018,Male,25-44 years,27.7
"Deaths per 100,000 resident population, crude",1950,Male,35-44 years,21.3
"Deaths per 100,000 resident population, crude",1960,Male,35-44 years,21
"Deaths per 100,000 resident population, crude",1970,Male,35-44 years,22.1
"Deaths per 100,000 resident population, crude",1980,Male,35-44 years,22.5
"Deaths per 100,000 resident population, crude",1981,Male,35-44 years,23.2
"Deaths per 100,000 resident population, crude",1982,Male,35-44 years,22.6
"Deaths per 100,000 resident population, crude",1983,Male,35-44 years,22
"Deaths per 100,000 resident population, crude",1984,Male,35-44 years,22.7
"Deaths per 100,000 resident population, crude",1985,Male,35-44 years,22.3
"Deaths per 100,000 resident population, crude",1986,Male,35-44 years,23
"Deaths per 100,000 resident population, crude",1987,Male,35-44 years,23
"Deaths per 100,000 resident population, crude",1988,Male,35-44 years,22.9
"Deaths per 100,000 resident population, crude",1989,Male,35-44 years,22.8
"Deaths per 100,000 resident population, crude",1990,Male,35-44 years,23.9
"Deaths per 100,000 resident population, crude",1991,Male,35-44 years,23
"Deaths per 100,000 resident population, crude",1992,Male,35-44 years,23.6
"Deaths per 100,000 resident population, crude",1993,Male,35-44 years,23.9
"Deaths per 100,000 resident population, crude",1994,Male,35-44 years,24
"Deaths per 100,000 resident population, crude",1995,Male,35-44 years,24
"Deaths per 100,000 resident population, crude",1996,Male,35-44 years,24.5
"Deaths per 100,000 resident population, crude",1997,Male,35-44 years,23.8
"Deaths per 100,000 resident population, crude",1998,Male,35-44 years,23.8
"Deaths per 100,000 resident population, crude",1999,Male,35-44 years,22.4
"Deaths per 100,000 resident population, crude",2000,Male,35-44 years,22.8
"Deaths per 100,000 resident population, crude",2001,Male,35-44 years,23.1
"Deaths per 100,000 resident population, crude",2002,Male,35-44 years,23.9
"Deaths per 100,000 resident population, crude",2003,Male,35-44 years,23.4
"Deaths per 100,000 resident population, crude",2004,Male,35-44 years,23.3
"Deaths per 100,000 resident population, crude",2005,Male,35-44 years,23.4
"Deaths per 100,000 resident population, crude",2006,Male,35-44 years,23.5
"Deaths per 100,000 resident population, crude",2007,Male,35-44 years,24.2
"Deaths per 100,000 resident population, crude",2008,Male,35-44 years,24.4
"Deaths per 100,000 resident population, crude",2009,Male,35-44 years,24.9
"Deaths per 100,000 resident population, crude",2010,Male,35-44 years,24.6
"Deaths per 100,000 resident population, crude",2011,Male,35-44 years,24.9
"Deaths per 100,000 resident population, crude",2012,Male,35-44 years,25.7
"Deaths per 100,000 resident population, crude",2013,Male,35-44 years,24.8
"Deaths per 100,000 resident population, crude",2014,Male,35-44 years,25
"Deaths per 100,000 resident population, crude",2015,Male,35-44 years,25.9
"Deaths per 100,000 resident population, crude",2016,Male,35-44 years,26.3
"Deaths per 100,000 resident population, crude",2017,Male,35-44 years,27.5
"Deaths per 100,000 resident population, crude",2018,Male,35-44 years,28.1
"Deaths per 100,000 resident population, crude",1950,Male,45-64 years,37.1
"Deaths per 100,000 resident population, crude",1960,Male,45-64 years,34.4
"Deaths per 100,000 resident population, crude",1970,Male,45-64 years,30
"Deaths per 100,000 resident population, crude",1980,Male,45-64 years,23.7
"Deaths per 100,000 resident population, crude",1981,Male,45-64 years,23.7
"Deaths per 100,000 resident population, crude",1982,Male,45-64 years,25.1
"Deaths per 100,000 resident population, crude",1983,Male,45-64 years,24.9
"Deaths per 100,000 resident population, crude",1984,Male,45-64 years,25.5
"Deaths per 100,000 resident population, crude",1985,Male,45-64 years,25.3
"Deaths per 100,000 resident population, crude",1986,Male,45-64 years,25.7
"Deaths per 100,000 resident population, crude",1987,Male,45-64 years,25.4
"Deaths per 100,000 resident population, crude",1988,Male,45-64 years,23.5
"Deaths per 100,000 resident population, crude",1989,Male,45-64 years,23.7
"Deaths per 100,000 resident population, crude",1990,Male,45-64 years,24.3
"Deaths per 100,000 resident population, crude",1991,Male,45-64 years,24.4
"Deaths per 100,000 resident population, crude",1992,Male,45-64 years,23
"Deaths per 100,000 resident population, crude",1993,Male,45-64 years,22.8
"Deaths per 100,000 resident population, crude",1994,Male,45-64 years,21.9
"Deaths per 100,000 resident population, crude",1995,Male,45-64 years,22.2
"Deaths per 100,000 resident population, crude",1996,Male,45-64 years,22.7
"Deaths per 100,000 resident population, crude",1997,Male,45-64 years,22.1
"Deaths per 100,000 resident population, crude",1998,Male,45-64 years,21.9
"Deaths per 100,000 resident population, crude",1999,Male,45-64 years,20.8
"Deaths per 100,000 resident population, crude",2000,Male,45-64 years,21.3
"Deaths per 100,000 resident population, crude",2001,Male,45-64 years,22.5
"Deaths per 100,000 resident population, crude",2002,Male,45-64 years,23.5
"Deaths per 100,000 resident population, crude",2003,Male,45-64 years,23.5
"Deaths per 100,000 resident population, crude",2004,Male,45-64 years,23.6
"Deaths per 100,000 resident population, crude",2005,Male,45-64 years,23.9
"Deaths per 100,000 resident population, crude",2006,Male,45-64 years,24.6
"Deaths per 100,000 resident population, crude",2007,Male,45-64 years,25.7
"Deaths per 100,000 resident population, crude",2008,Male,45-64 years,27.4
"Deaths per 100,000 resident population, crude",2009,Male,45-64 years,27.9
"Deaths per 100,000 resident population, crude",2010,Male,45-64 years,29.2
"Deaths per 100,000 resident population, crude",2011,Male,45-64 years,28.9
"Deaths per 100,000 resident population, crude",2012,Male,45-64 years,29.5
"Deaths per 100,000 resident population, crude",2013,Male,45-64 years,29
"Deaths per 100,000 resident population, crude",2014,Male,45-64 years,29.7
"Deaths per 100,000 resident population, crude",2015,Male,45-64 years,29.5
"Deaths per 100,000 resident population, crude",2016,Male,45-64 years,29.1
"Deaths per 100,000 resident population, crude",2017,Male,45-64 years,30.1
"Deaths per 100,000 resident population, crude",2018,Male,45-64 years,31
"Deaths per 100,000 resident population, crude",1950,Male,55-64 years,43.6
"Deaths per 100,000 resident population, crude",1960,Male,55-64 years,38.1
"Deaths per 100,000 resident population, crude",1970,Male,55-64 years,32.7
"Deaths per 100,000 resident population, crude",1980,Male,55-64 years,24.5
"Deaths per 100,000 resident population, crude",1981,Male,55-64 years,25
"Deaths per 100,000 resident population, crude",1982,Male,55-64 years,26.3
"Deaths per 100,000 resident population, crude",1983,Male,55-64 years,25.9
"Deaths per 100,000 resident population, crude",1984,Male,55-64 years,27.4
"Deaths per 100,000 resident population, crude",1985,Male,55-64 years,27.1
"Deaths per 100,000 resident population, crude",1986,Male,55-64 years,27
"Deaths per 100,000 resident population, crude",1987,Male,55-64 years,27
"Deaths per 100,000 resident population, crude",1988,Male,55-64 years,25.5
"Deaths per 100,000 resident population, crude",1989,Male,55-64 years,25.1
"Deaths per 100,000 resident population, crude",1990,Male,55-64 years,25.7
"Deaths per 100,000 resident population, crude",1991,Male,55-64 years,25.3
"Deaths per 100,000 resident population, crude",1992,Male,55-64 years,24
"Deaths per 100,000 resident population, crude",1993,Male,55-64 years,23.7
"Deaths per 100,000 resident population, crude",1994,Male,55-64 years,21.8
"Deaths per 100,000 resident population, crude",1995,Male,55-64 years,21.8
"Deaths per 100,000 resident population, crude",1996,Male,55-64 years,22.4
"Deaths per 100,000 resident population, crude",1997,Male,55-64 years,22.1
"Deaths per 100,000 resident population, crude",1998,Male,55-64 years,20.9
"Deaths per 100,000 resident population, crude",1999,Male,55-64 years,19.8
"Deaths per 100,000 resident population, crude",2000,Male,55-64 years,19.4
"Deaths per 100,000 resident population, crude",2001,Male,55-64 years,21.2
"Deaths per 100,000 resident population, crude",2002,Male,55-64 years,22.1
"Deaths per 100,000 resident population, crude",2003,Male,55-64 years,22.1
"Deaths per 100,000 resident population, crude",2004,Male,55-64 years,21.9
"Deaths per 100,000 resident population, crude",2005,Male,55-64 years,22
"Deaths per 100,000 resident population, crude",2006,Male,55-64 years,22.5
"Deaths per 100,000 resident population, crude",2007,Male,55-64 years,23.9
"Deaths per 100,000 resident population, crude",2008,Male,55-64 years,25.8
"Deaths per 100,000 resident population, crude",2009,Male,55-64 years,26.1
"Deaths per 100,000 resident population, crude",2010,Male,55-64 years,27.7
"Deaths per 100,000 resident population, crude",2011,Male,55-64 years,27.3
"Deaths per 100,000 resident population, crude",2012,Male,55-64 years,28.7
"Deaths per 100,000 resident population, crude",2013,Male,55-64 years,28.3
"Deaths per 100,000 resident population, crude",2014,Male,55-64 years,29.4
"Deaths per 100,000 resident population, crude",2015,Male,55-64 years,28.9
"Deaths per 100,000 resident population, crude",2016,Male,55-64 years,28.7
"Deaths per 100,000 resident population, crude",2017,Male,55-64 years,29.8
"Deaths per 100,000 resident population, crude",2018,Male,55-64 years,31.7
"Deaths per 100,000 resident population, crude",1950,Male,65 years and over,52.8
"Deaths per 100,000 resident population, crude",1960,Male,65 years and over,44
"Deaths per 100,000 resident population, crude",1970,Male,65 years and over,38.4
"Deaths per 100,000 resident population, crude",1980,Male,65 years and over,35
"Deaths per 100,000 resident population, crude",1981,Male,65 years and over,33.5
"Deaths per 100,000 resident population, crude",1982,Male,65 years and over,36.5
"Deaths per 100,000 resident population, crude",1983,Male,65 years and over,38.1
"Deaths per 100,000 resident population, crude",1984,Male,65 years and over,39.3
"Deaths per 100,000 resident population, crude",1985,Male,65 years and over,40.9
"Deaths per 100,000 resident population, crude",1986,Male,65 years and over,43.4
"Deaths per 100,000 resident population, crude",1987,Male,65 years and over,44.2
"Deaths per 100,000 resident population, crude",1988,Male,65 years and over,42.7
"Deaths per 100,000 resident population, crude",1989,Male,65 years and over,41.7
"Deaths per 100,000 resident population, crude",1990,Male,65 years and over,41.6
"Deaths per 100,000 resident population, crude",1991,Male,65 years and over,40.1
"Deaths per 100,000 resident population, crude",1992,Male,65 years and over,38.3
"Deaths per 100,000 resident population, crude",1993,Male,65 years and over,38.1
"Deaths per 100,000 resident population, crude",1994,Male,65 years and over,36.5
"Deaths per 100,000 resident population, crude",1995,Male,65 years and over,36.2
"Deaths per 100,000 resident population, crude",1996,Male,65 years and over,35.1
"Deaths per 100,000 resident population, crude",1997,Male,65 years and over,33.8
"Deaths per 100,000 resident population, crude",1998,Male,65 years and over,34.2
"Deaths per 100,000 resident population, crude",1999,Male,65 years and over,32.2
"Deaths per 100,000 resident population, crude",2000,Male,65 years and over,31.1
"Deaths per 100,000 resident population, crude",2001,Male,65 years and over,31.4
"Deaths per 100,000 resident population, crude",2002,Male,65 years and over,31.8
"Deaths per 100,000 resident population, crude",2003,Male,65 years and over,29.7
"Deaths per 100,000 resident population, crude",2004,Male,65 years and over,29
"Deaths per 100,000 resident population, crude",2005,Male,65 years and over,29.5
"Deaths per 100,000 resident population, crude",2006,Male,65 years and over,28.4
"Deaths per 100,000 resident population, crude",2007,Male,65 years and over,28.4
"Deaths per 100,000 resident population, crude",2008,Male,65 years and over,29.2
"Deaths per 100,000 resident population, crude",2009,Male,65 years and over,29.1
"Deaths per 100,000 resident population, crude",2010,Male,65 years and over,29
"Deaths per 100,000 resident population, crude",2011,Male,65 years and over,29.4
"Deaths per 100,000 resident population, crude",2012,Male,65 years and over,29.5
"Deaths per 100,000 resident population, crude",2013,Male,65 years and over,30.9
"Deaths per 100,000 resident population, crude",2014,Male,65 years and over,31.4
"Deaths per 100,000 resident population, crude",2015,Male,65 years and over,31
"Deaths per 100,000 resident population, crude",2016,Male,65 years and over,31
"Deaths per 100,000 resident population, crude",2017,Male,65 years and over,31.4
"Deaths per 100,000 resident population, crude",2018,Male,65 years and over,32.5
"Deaths per 100,000 resident population, crude",1950,Male,65-74 years,50.5
"Deaths per 100,000 resident population, crude",1960,Male,65-74 years,39.6
"Deaths per 100,000 resident population, crude",1970,Male,65-74 years,36
"Deaths per 100,000 resident population, crude",1980,Male,65-74 years,30.4
"Deaths per 100,000 resident population, crude",1981,Male,65-74 years,28.4
"Deaths per 100,000 resident population, crude",1982,Male,65-74 years,31.2
"Deaths per 100,000 resident population, crude",1983,Male,65-74 years,31.5
"Deaths per 100,000 resident population, crude",1984,Male,65-74 years,33.9
"Deaths per 100,000 resident population, crude",1985,Male,65-74 years,33.9
"Deaths per 100,000 resident population, crude",1986,Male,65-74 years,36.3
"Deaths per 100,000 resident population, crude",1987,Male,65-74 years,35.8
"Deaths per 100,000 resident population, crude",1988,Male,65-74 years,34
"Deaths per 100,000 resident population, crude",1989,Male,65-74 years,34.2
"Deaths per 100,000 resident population, crude",1990,Male,65-74 years,32.2
"Deaths per 100,000 resident population, crude",1991,Male,65-74 years,30.7
"Deaths per 100,000 resident population, crude",1992,Male,65-74 years,29.9
"Deaths per 100,000 resident population, crude",1993,Male,65-74 years,29.3
"Deaths per 100,000 resident population, crude",1994,Male,65-74 years,27.6
"Deaths per 100,000 resident population, crude",1995,Male,65-74 years,28.5
"Deaths per 100,000 resident population, crude",1996,Male,65-74 years,27.5
"Deaths per 100,000 resident population, crude",1997,Male,65-74 years,26.1
"Deaths per 100,000 resident population, crude",1998,Male,65-74 years,25.9
"Deaths per 100,000 resident population, crude",1999,Male,65-74 years,24.7
"Deaths per 100,000 resident population, crude",2000,Male,65-74 years,22.7
"Deaths per 100,000 resident population, crude",2001,Male,65-74 years,24.5
"Deaths per 100,000 resident population, crude",2002,Male,65-74 years,24.5
"Deaths per 100,000 resident population, crude",2003,Male,65-74 years,23.1
"Deaths per 100,000 resident population, crude",2004,Male,65-74 years,22.2
"Deaths per 100,000 resident population, crude",2005,Male,65-74 years,22.3
"Deaths per 100,000 resident population, crude",2006,Male,65-74 years,22.2
"Deaths per 100,000 resident population, crude",2007,Male,65-74 years,22
"Deaths per 100,000 resident population, crude",2008,Male,65-74 years,24.3
"Deaths per 100,000 resident population, crude",2009,Male,65-74 years,24.3
"Deaths per 100,000 resident population, crude",2010,Male,65-74 years,23.9
"Deaths per 100,000 resident population, crude",2011,Male,65-74 years,24.4
"Deaths per 100,000 resident population, crude",2012,Male,65-74 years,24.1
"Deaths per 100,000 resident population, crude",2013,Male,65-74 years,26
"Deaths per 100,000 resident population, crude",2014,Male,65-74 years,26.6
"Deaths per 100,000 resident population, crude",2015,Male,65-74 years,26.2
"Deaths per 100,000 resident population, crude",2016,Male,65-74 years,25.9
"Deaths per 100,000 resident population, crude",2017,Male,65-74 years,26.2
"Deaths per 100,000 resident population, crude",2018,Male,65-74 years,27.8
"Deaths per 100,000 resident population, crude",1950,Male,75-84 years,58.3
"Deaths per 100,000 resident population, crude",1960,Male,75-84 years,52.5
"Deaths per 100,000 resident population, crude",1970,Male,75-84 years,42.8
"Deaths per 100,000 resident population, crude",1980,Male,75-84 years,42.3
"Deaths per 100,000 resident population, crude",1981,Male,75-84 years,41.4
"Deaths per 100,000 resident population, crude",1982,Male,75-84 years,45.3
"Deaths per 100,000 resident population, crude",1983,Male,75-84 years,49.2
"Deaths per 100,000 resident population, crude",1984,Male,75-84 years,48.5
"Deaths per 100,000 resident population, crude",1985,Male,75-84 years,53.1
"Deaths per 100,000 resident population, crude",1986,Male,75-84 years,54.9
"Deaths per 100,000 resident population, crude",1987,Male,75-84 years,57.2
"Deaths per 100,000 resident population, crude",1988,Male,75-84 years,57.3
"Deaths per 100,000 resident population, crude",1989,Male,75-84 years,51.5
"Deaths per 100,000 resident population, crude",1990,Male,75-84 years,56.1
"Deaths per 100,000 resident population, crude",1991,Male,75-84 years,53
"Deaths per 100,000 resident population, crude",1992,Male,75-84 years,50.1
"Deaths per 100,000 resident population, crude",1993,Male,75-84 years,49
"Deaths per 100,000 resident population, crude",1994,Male,75-84 years,47.1
"Deaths per 100,000 resident population, crude",1995,Male,75-84 years,44.9
"Deaths per 100,000 resident population, crude",1996,Male,75-84 years,43.5
"Deaths per 100,000 resident population, crude",1997,Male,75-84 years,41.1
"Deaths per 100,000 resident population, crude",1998,Male,75-84 years,42.5
"Deaths per 100,000 resident population, crude",1999,Male,75-84 years,38.8
"Deaths per 100,000 resident population, crude",2000,Male,75-84 years,38.6
"Deaths per 100,000 resident population, crude",2001,Male,75-84 years,37.7
"Deaths per 100,000 resident population, crude",2002,Male,75-84 years,38
"Deaths per 100,000 resident population, crude",2003,Male,75-84 years,34.9
"Deaths per 100,000 resident population, crude",2004,Male,75-84 years,34.6
"Deaths per 100,000 resident population, crude",2005,Male,75-84 years,35.5
"Deaths per 100,000 resident population, crude",2006,Male,75-84 years,32.9
"Deaths per 100,000 resident population, crude",2007,Male,75-84 years,33.8
"Deaths per 100,000 resident population, crude",2008,Male,75-84 years,33.5
"Deaths per 100,000 resident population, crude",2009,Male,75-84 years,32.9
"Deaths per 100,000 resident population, crude",2010,Male,75-84 years,32.3
"Deaths per 100,000 resident population, crude",2011,Male,75-84 years,33.8
"Deaths per 100,000 resident population, crude",2012,Male,75-84 years,34.2
"Deaths per 100,000 resident population, crude",2013,Male,75-84 years,34.7
"Deaths per 100,000 resident population, crude",2014,Male,75-84 years,34.9
"Deaths per 100,000 resident population, crude",2015,Male,75-84 years,35.2
"Deaths per 100,000 resident population, crude",2016,Male,75-84 years,36
"Deaths per 100,000 resident population, crude",2017,Male,75-84 years,35.8
"Deaths per 100,000 resident population, crude",2018,Male,75-84 years,37.4
"Deaths per 100,000 resident population, crude",1950,Male,85 years and over,58.3
"Deaths per 100,000 resident population, crude",1960,Male,85 years and over,57.4
"Deaths per 100,000 resident population, crude",1970,Male,85 years and over,42.4
"Deaths per 100,000 resident population, crude",1980,Male,85 years and over,50.6
"Deaths per 100,000 resident population, crude",1981,Male,85 years and over,50.5
"Deaths per 100,000 resident population, crude",1982,Male,85 years and over,50.6
"Deaths per 100,000 resident population, crude",1983,Male,85 years and over,54.2
"Deaths per 100,000 resident population, crude",1984,Male,85 years and over,52.2
"Deaths per 100,000 resident population, crude",1985,Male,85 years and over,56.2
"Deaths per 100,000 resident population, crude",1986,Male,85 years and over,62.1
"Deaths per 100,000 resident population, crude",1987,Male,85 years and over,67.5
"Deaths per 100,000 resident population, crude",1988,Male,85 years and over,61.5
"Deaths per 100,000 resident population, crude",1989,Male,85 years and over,68.2
"Deaths per 100,000 resident population, crude",1990,Male,85 years and over,65.9
"Deaths per 100,000 resident population, crude",1991,Male,85 years and over,69.5
"Deaths per 100,000 resident population, crude",1992,Male,85 years and over,62.4
"Deaths per 100,000 resident population, crude",1993,Male,85 years and over,67.9
"Deaths per 100,000 resident population, crude",1994,Male,85 years and over,66.2
"Deaths per 100,000 resident population, crude",1995,Male,85 years and over,62.7
"Deaths per 100,000 resident population, crude",1996,Male,85 years and over,60.5
"Deaths per 100,000 resident population, crude",1997,Male,85 years and over,61
"Deaths per 100,000 resident population, crude",1998,Male,85 years and over,59.8
"Deaths per 100,000 resident population, crude",1999,Male,85 years and over,57.1
"Deaths per 100,000 resident population, crude",2000,Male,85 years and over,57.5
"Deaths per 100,000 resident population, crude",2001,Male,85 years and over,52.7
"Deaths per 100,000 resident population, crude",2002,Male,85 years and over,54.5
"Deaths per 100,000 resident population, crude",2003,Male,85 years and over,51.6
"Deaths per 100,000 resident population, crude",2004,Male,85 years and over,49.2
"Deaths per 100,000 resident population, crude",2005,Male,85 years and over,49.9
"Deaths per 100,000 resident population, crude",2006,Male,85 years and over,48
"Deaths per 100,000 resident population, crude",2007,Male,85 years and over,46.6
"Deaths per 100,000 resident population, crude",2008,Male,85 years and over,43
"Deaths per 100,000 resident population, crude",2009,Male,85 years and over,44
"Deaths per 100,000 resident population, crude",2010,Male,85 years and over,47.3
"Deaths per 100,000 resident population, crude",2011,Male,85 years and over,44.1
"Deaths per 100,000 resident population, crude",2012,Male,85 years and over,46.9
"Deaths per 100,000 resident population, crude",2013,Male,85 years and over,48.5
"Deaths per 100,000 resident population, crude",2014,Male,85 years and over,49.9
"Deaths per 100,000 resident population, crude",2015,Male,85 years and over,48.2
"Deaths per 100,000 resident population, crude",2016,Male,85 years and over,48
"Deaths per 100,000 resident population, crude",2017,Male,85 years and over,50.6
"Deaths per 100,000 resident population, crude",2018,Male,85 years and over,47.2
"Deaths per 100,000 resident population, crude",1970,Female,10-14 years,0.3
"Deaths per 100,000 resident population, crude",1980,Female,10-14 years,0.3
"Deaths per 100,000 resident population, crude",1981,Female,10-14 years,0.5
"Deaths per 100,000 resident population, crude",1982,Female,10-14 years,0.4
"Deaths per 100,000 resident population, crude",1983,Female,10-14 years,0.6
"Deaths per 100,000 resident population, crude",1984,Female,10-14 years,0.6
"Deaths per 100,000 resident population, crude",1985,Female,10-14 years,0.9
"Deaths per 100,000 resident population, crude",1986,Female,10-14 years,0.7
"Deaths per 100,000 resident population, crude",1987,Female,10-14 years,0.7
"Deaths per 100,000 resident population, crude",1988,Female,10-14 years,0.8
"Deaths per 100,000 resident population, crude",1989,Female,10-14 years,0.7
"Deaths per 100,000 resident population, crude",1990,Female,10-14 years,0.8
"Deaths per 100,000 resident population, crude",1991,Female,10-14 years,0.7
"Deaths per 100,000 resident population, crude",1992,Female,10-14 years,0.9
"Deaths per 100,000 resident population, crude",1993,Female,10-14 years,0.9
"Deaths per 100,000 resident population, crude",1994,Female,10-14 years,0.9
"Deaths per 100,000 resident population, crude",1995,Female,10-14 years,0.8
"Deaths per 100,000 resident population, crude",1996,Female,10-14 years,0.8
"Deaths per 100,000 resident population, crude",1997,Female,10-14 years,0.8
"Deaths per 100,000 resident population, crude",1998,Female,10-14 years,0.9
"Deaths per 100,000 resident population, crude",1999,Female,10-14 years,0.5
"Deaths per 100,000 resident population, crude",2000,Female,10-14 years,0.6
"Deaths per 100,000 resident population, crude",2001,Female,10-14 years,0.6
"Deaths per 100,000 resident population, crude",2002,Female,10-14 years,0.6
"Deaths per 100,000 resident population, crude",2003,Female,10-14 years,0.5
"Deaths per 100,000 resident population, crude",2004,Female,10-14 years,0.9
"Deaths per 100,000 resident population, crude",2005,Female,10-14 years,0.7
"Deaths per 100,000 resident population, crude",2006,Female,10-14 years,0.6
"Deaths per 100,000 resident population, crude",2007,Female,10-14 years,0.5
"Deaths per 100,000 resident population, crude",2008,Female,10-14 years,0.7
"Deaths per 100,000 resident population, crude",2009,Female,10-14 years,0.9
"Deaths per 100,000 resident population, crude",2010,Female,10-14 years,0.9
"Deaths per 100,000 resident population, crude",2011,Female,10-14 years,0.8
"Deaths per 100,000 resident population, crude",2012,Female,10-14 years,0.8
"Deaths per 100,000 resident population, crude",2013,Female,10-14 years,1.4
"Deaths per 100,000 resident population, crude",2014,Female,10-14 years,1.5
"Deaths per 100,000 resident population, crude",2015,Female,10-14 years,1.6
"Deaths per 100,000 resident population, crude",2016,Female,10-14 years,1.7
"Deaths per 100,000 resident population, crude",2017,Female,10-14 years,1.7
"Deaths per 100,000 resident population, crude",2018,Female,10-14 years,2
"Deaths per 100,000 resident population, crude",1950,Female,15-24 years,2.6
"Deaths per 100,000 resident population, crude",1960,Female,15-24 years,2.2
"Deaths per 100,000 resident population, crude",1970,Female,15-24 years,4.2
"Deaths per 100,000 resident population, crude",1980,Female,15-24 years,4.3
"Deaths per 100,000 resident population, crude",1981,Female,15-24 years,4.6
"Deaths per 100,000 resident population, crude",1982,Female,15-24 years,4.2
"Deaths per 100,000 resident population, crude",1983,Female,15-24 years,4.3
"Deaths per 100,000 resident population, crude",1984,Female,15-24 years,4.4
"Deaths per 100,000 resident population, crude",1985,Female,15-24 years,4.3
"Deaths per 100,000 resident population, crude",1986,Female,15-24 years,4.3
"Deaths per 100,000 resident population, crude",1987,Female,15-24 years,4.3
"Deaths per 100,000 resident population, crude",1988,Female,15-24 years,4.2
"Deaths per 100,000 resident population, crude",1989,Female,15-24 years,4.2
"Deaths per 100,000 resident population, crude",1990,Female,15-24 years,3.9
"Deaths per 100,000 resident population, crude",1991,Female,15-24 years,3.8
"Deaths per 100,000 resident population, crude",1992,Female,15-24 years,3.6
"Deaths per 100,000 resident population, crude",1993,Female,15-24 years,4.1
"Deaths per 100,000 resident population, crude",1994,Female,15-24 years,3.7
"Deaths per 100,000 resident population, crude",1995,Female,15-24 years,3.6
"Deaths per 100,000 resident population, crude",1996,Female,15-24 years,3.5
"Deaths per 100,000 resident population, crude",1997,Female,15-24 years,3.4
"Deaths per 100,000 resident population, crude",1998,Female,15-24 years,3.3
"Deaths per 100,000 resident population, crude",1999,Female,15-24 years,3
"Deaths per 100,000 resident population, crude",2000,Female,15-24 years,3
"Deaths per 100,000 resident population, crude",2001,Female,15-24 years,2.9
"Deaths per 100,000 resident population, crude",2002,Female,15-24 years,2.9
"Deaths per 100,000 resident population, crude",2003,Female,15-24 years,3
"Deaths per 100,000 resident population, crude",2004,Female,15-24 years,3.5
"Deaths per 100,000 resident population, crude",2005,Female,15-24 years,3.5
"Deaths per 100,000 resident population, crude",2006,Female,15-24 years,3.2
"Deaths per 100,000 resident population, crude",2007,Female,15-24 years,3.1
"Deaths per 100,000 resident population, crude",2008,Female,15-24 years,3.5
"Deaths per 100,000 resident population, crude",2009,Female,15-24 years,3.6
"Deaths per 100,000 resident population, crude",2010,Female,15-24 years,3.9
"Deaths per 100,000 resident population, crude",2011,Female,15-24 years,4
"Deaths per 100,000 resident population, crude",2012,Female,15-24 years,4.5
"Deaths per 100,000 resident population, crude",2013,Female,15-24 years,4.5
"Deaths per 100,000 resident population, crude",2014,Female,15-24 years,4.6
"Deaths per 100,000 resident population, crude",2015,Female,15-24 years,5.3
"Deaths per 100,000 resident population, crude",2016,Female,15-24 years,5.4
"Deaths per 100,000 resident population, crude",2017,Female,15-24 years,5.8
"Deaths per 100,000 resident population, crude",2018,Female,15-24 years,5.8
"Deaths per 100,000 resident population, crude",1950,Female,20-24 years,3.3
"Deaths per 100,000 resident population, crude",1960,Female,20-24 years,2.9
"Deaths per 100,000 resident population, crude",1970,Female,20-24 years,5.7
"Deaths per 100,000 resident population, crude",1980,Female,20-24 years,5.5
"Deaths per 100,000 resident population, crude",1981,Female,20-24 years,5.6
"Deaths per 100,000 resident population, crude",1982,Female,20-24 years,5.1
"Deaths per 100,000 resident population, crude",1983,Female,20-24 years,5.2
"Deaths per 100,000 resident population, crude",1984,Female,20-24 years,5.1
"Deaths per 100,000 resident population, crude",1985,Female,20-24 years,4.9
"Deaths per 100,000 resident population, crude",1986,Female,20-24 years,4.9
"Deaths per 100,000 resident population, crude",1987,Female,20-24 years,4.4
"Deaths per 100,000 resident population, crude",1988,Female,20-24 years,4.1
"Deaths per 100,000 resident population, crude",1989,Female,20-24 years,4.1
"Deaths per 100,000 resident population, crude",1990,Female,20-24 years,4.1
"Deaths per 100,000 resident population, crude",1991,Female,20-24 years,3.9
"Deaths per 100,000 resident population, crude",1992,Female,20-24 years,3.8
"Deaths per 100,000 resident population, crude",1993,Female,20-24 years,4.4
"Deaths per 100,000 resident population, crude",1994,Female,20-24 years,3.9
"Deaths per 100,000 resident population, crude",1995,Female,20-24 years,4.2
"Deaths per 100,000 resident population, crude",1996,Female,20-24 years,3.6
"Deaths per 100,000 resident population, crude",1997,Female,20-24 years,3.6
"Deaths per 100,000 resident population, crude",1998,Female,20-24 years,3.7
"Deaths per 100,000 resident population, crude",1999,Female,20-24 years,3.4
"Deaths per 100,000 resident population, crude",2000,Female,20-24 years,3.2
"Deaths per 100,000 resident population, crude",2001,Female,20-24 years,3.1
"Deaths per 100,000 resident population, crude",2002,Female,20-24 years,3.5
"Deaths per 100,000 resident population, crude",2003,Female,20-24 years,3.4
"Deaths per 100,000 resident population, crude",2004,Female,20-24 years,3.6
"Deaths per 100,000 resident population, crude",2005,Female,20-24 years,4
"Deaths per 100,000 resident population, crude",2006,Female,20-24 years,3.6
"Deaths per 100,000 resident population, crude",2007,Female,20-24 years,3.9
"Deaths per 100,000 resident population, crude",2008,Female,20-24 years,4
"Deaths per 100,000 resident population, crude",2009,Female,20-24 years,4.1
"Deaths per 100,000 resident population, crude",2010,Female,20-24 years,4.7
"Deaths per 100,000 resident population, crude",2011,Female,20-24 years,4.5
"Deaths per 100,000 resident population, crude",2012,Female,20-24 years,4.9
"Deaths per 100,000 resident population, crude",2013,Female,20-24 years,5.2
"Deaths per 100,000 resident population, crude",2014,Female,20-24 years,5
"Deaths per 100,000 resident population, crude",2015,Female,20-24 years,5.5
"Deaths per 100,000 resident population, crude",2016,Female,20-24 years,5.8
"Deaths per 100,000 resident population, crude",2017,Female,20-24 years,6.2
"Deaths per 100,000 resident population, crude",2018,Female,20-24 years,6.4
"Deaths per 100,000 resident population, crude",1950,Female,25-44 years,6.2
"Deaths per 100,000 resident population, crude",1960,Female,25-44 years,6.6
"Deaths per 100,000 resident population, crude",1970,Female,25-44 years,10.2
"Deaths per 100,000 resident population, crude",1980,Female,25-44 years,7.7
"Deaths per 100,000 resident population, crude",1981,Female,25-44 years,8
"Deaths per 100,000 resident population, crude",1982,Female,25-44 years,7.6
"Deaths per 100,000 resident population, crude",1983,Female,25-44 years,7
"Deaths per 100,000 resident population, crude",1984,Female,25-44 years,6.8
"Deaths per 100,000 resident population, crude",1985,Female,25-44 years,6.5
"Deaths per 100,000 resident population, crude",1986,Female,25-44 years,6.7
"Deaths per 100,000 resident population, crude",1987,Female,25-44 years,6.5
"Deaths per 100,000 resident population, crude",1988,Female,25-44 years,6.3
"Deaths per 100,000 resident population, crude",1989,Female,25-44 years,6.1
"Deaths per 100,000 resident population, crude",1990,Female,25-44 years,6.2
"Deaths per 100,000 resident population, crude",1991,Female,25-44 years,5.9
"Deaths per 100,000 resident population, crude",1992,Female,25-44 years,5.8
"Deaths per 100,000 resident population, crude",1993,Female,25-44 years,5.8
"Deaths per 100,000 resident population, crude",1994,Female,25-44 years,5.8
"Deaths per 100,000 resident population, crude",1995,Female,25-44 years,5.8
"Deaths per 100,000 resident population, crude",1996,Female,25-44 years,5.7
"Deaths per 100,000 resident population, crude",1997,Female,25-44 years,5.8
"Deaths per 100,000 resident population, crude",1998,Female,25-44 years,5.8
"Deaths per 100,000 resident population, crude",1999,Female,25-44 years,5.5
"Deaths per 100,000 resident population, crude",2000,Female,25-44 years,5.4
"Deaths per 100,000 resident population, crude",2001,Female,25-44 years,5.5
"Deaths per 100,000 resident population, crude",2002,Female,25-44 years,5.9
"Deaths per 100,000 resident population, crude",2003,Female,25-44 years,5.7
"Deaths per 100,000 resident population, crude",2004,Female,25-44 years,6
"Deaths per 100,000 resident population, crude",2005,Female,25-44 years,5.8
"Deaths per 100,000 resident population, crude",2006,Female,25-44 years,5.9
"Deaths per 100,000 resident population, crude",2007,Female,25-44 years,6.2
"Deaths per 100,000 resident population, crude",2008,Female,25-44 years,6.3
"Deaths per 100,000 resident population, crude",2009,Female,25-44 years,6.2
"Deaths per 100,000 resident population, crude",2010,Female,25-44 years,6.4
"Deaths per 100,000 resident population, crude",2011,Female,25-44 years,6.8
"Deaths per 100,000 resident population, crude",2012,Female,25-44 years,6.8
"Deaths per 100,000 resident population, crude",2013,Female,25-44 years,6.8
"Deaths per 100,000 resident population, crude",2014,Female,25-44 years,7.2
"Deaths per 100,000 resident population, crude",2015,Female,25-44 years,7.5
"Deaths per 100,000 resident population, crude",2016,Female,25-44 years,7.6
"Deaths per 100,000 resident population, crude",2017,Female,25-44 years,7.8
"Deaths per 100,000 resident population, crude",2018,Female,25-44 years,7.9
"Deaths per 100,000 resident population, crude",1950,Female,35-44 years,7.5
"Deaths per 100,000 resident population, crude",1960,Female,35-44 years,7.7
"Deaths per 100,000 resident population, crude",1970,Female,35-44 years,11.9
"Deaths per 100,000 resident population, crude",1980,Female,35-44 years,8.5
"Deaths per 100,000 resident population, crude",1981,Female,35-44 years,8.9
"Deaths per 100,000 resident population, crude",1982,Female,35-44 years,8.5
"Deaths per 100,000 resident population, crude",1983,Female,35-44 years,7.6
"Deaths per 100,000 resident population, crude",1984,Female,35-44 years,7.7
"Deaths per 100,000 resident population, crude",1985,Female,35-44 years,7.1
"Deaths per 100,000 resident population, crude",1986,Female,35-44 years,7.6
"Deaths per 100,000 resident population, crude",1987,Female,35-44 years,7.2
"Deaths per 100,000 resident population, crude",1988,Female,35-44 years,6.9
"Deaths per 100,000 resident population, crude",1989,Female,35-44 years,6.7
"Deaths per 100,000 resident population, crude",1990,Female,35-44 years,6.8
"Deaths per 100,000 resident population, crude",1991,Female,35-44 years,6.5
"Deaths per 100,000 resident population, crude",1992,Female,35-44 years,6.6
"Deaths per 100,000 resident population, crude",1993,Female,35-44 years,6.4
"Deaths per 100,000 resident population, crude",1994,Female,35-44 years,6.7
"Deaths per 100,000 resident population, crude",1995,Female,35-44 years,6.4
"Deaths per 100,000 resident population, crude",1996,Female,35-44 years,6.6
"Deaths per 100,000 resident population, crude",1997,Female,35-44 years,6.8
"Deaths per 100,000 resident population, crude",1998,Female,35-44 years,6.8
"Deaths per 100,000 resident population, crude",1999,Female,35-44 years,6.4
"Deaths per 100,000 resident population, crude",2000,Female,35-44 years,6.4
"Deaths per 100,000 resident population, crude",2001,Female,35-44 years,6.4
"Deaths per 100,000 resident population, crude",2002,Female,35-44 years,6.9
"Deaths per 100,000 resident population, crude",2003,Female,35-44 years,6.6
"Deaths per 100,000 resident population, crude",2004,Female,35-44 years,7.1
"Deaths per 100,000 resident population, crude",2005,Female,35-44 years,6.8
"Deaths per 100,000 resident population, crude",2006,Female,35-44 years,7
"Deaths per 100,000 resident population, crude",2007,Female,35-44 years,7.3
"Deaths per 100,000 resident population, crude",2008,Female,35-44 years,7.4
"Deaths per 100,000 resident population, crude",2009,Female,35-44 years,7.4
"Deaths per 100,000 resident population, crude",2010,Female,35-44 years,7.5
"Deaths per 100,000 resident population, crude",2011,Female,35-44 years,7.6
"Deaths per 100,000 resident population, crude",2012,Female,35-44 years,7.7
"Deaths per 100,000 resident population, crude",2013,Female,35-44 years,7.6
"Deaths per 100,000 resident population, crude",2014,Female,35-44 years,8.2
"Deaths per 100,000 resident population, crude",2015,Female,35-44 years,8.4
"Deaths per 100,000 resident population, crude",2016,Female,35-44 years,8.5
"Deaths per 100,000 resident population, crude",2017,Female,35-44 years,8.5
"Deaths per 100,000 resident population, crude",2018,Female,35-44 years,8.4
"Deaths per 100,000 resident population, crude",1950,Female,45-64 years,9.9
"Deaths per 100,000 resident population, crude",1960,Female,45-64 years,10.2
"Deaths per 100,000 resident population, crude",1970,Female,45-64 years,12
"Deaths per 100,000 resident population, crude",1980,Female,45-64 years,8.9
"Deaths per 100,000 resident population, crude",1981,Female,45-64 years,9.4
"Deaths per 100,000 resident population, crude",1982,Female,45-64 years,9.1
"Deaths per 100,000 resident population, crude",1983,Female,45-64 years,8.7
"Deaths per 100,000 resident population, crude",1984,Female,45-64 years,8.9
"Deaths per 100,000 resident population, crude",1985,Female,45-64 years,8
"Deaths per 100,000 resident population, crude",1986,Female,45-64 years,8.7
"Deaths per 100,000 resident population, crude",1987,Female,45-64 years,8.2
"Deaths per 100,000 resident population, crude",1988,Female,45-64 years,7.6
"Deaths per 100,000 resident population, crude",1989,Female,45-64 years,7.4
"Deaths per 100,000 resident population, crude",1990,Female,45-64 years,7.1
"Deaths per 100,000 resident population, crude",1991,Female,45-64 years,7.1
"Deaths per 100,000 resident population, crude",1992,Female,45-64 years,6.9
"Deaths per 100,000 resident population, crude",1993,Female,45-64 years,6.7
"Deaths per 100,000 resident population, crude",1994,Female,45-64 years,6.3
"Deaths per 100,000 resident population, crude",1995,Female,45-64 years,6.1
"Deaths per 100,000 resident population, crude",1996,Female,45-64 years,6.3
"Deaths per 100,000 resident population, crude",1997,Female,45-64 years,6.4
"Deaths per 100,000 resident population, crude",1998,Female,45-64 years,6.3
"Deaths per 100,000 resident population, crude",1999,Female,45-64 years,6
"Deaths per 100,000 resident population, crude",2000,Female,45-64 years,6.2
"Deaths per 100,000 resident population, crude",2001,Female,45-64 years,6.6
"Deaths per 100,000 resident population, crude",2002,Female,45-64 years,6.7
"Deaths per 100,000 resident population, crude",2003,Female,45-64 years,6.9
"Deaths per 100,000 resident population, crude",2004,Female,45-64 years,7.6
"Deaths per 100,000 resident population, crude",2005,Female,45-64 years,7.2
"Deaths per 100,000 resident population, crude",2006,Female,45-64 years,7.7
"Deaths per 100,000 resident population, crude",2007,Female,45-64 years,8.1
"Deaths per 100,000 resident population, crude",2008,Female,45-64 years,8.1
"Deaths per 100,000 resident population, crude",2009,Female,45-64 years,8.5
"Deaths per 100,000 resident population, crude",2010,Female,45-64 years,8.6
"Deaths per 100,000 resident population, crude",2011,Female,45-64 years,8.8
"Deaths per 100,000 resident population, crude",2012,Female,45-64 years,9.1
"Deaths per 100,000 resident population, crude",2013,Female,45-64 years,9.4
"Deaths per 100,000 resident population, crude",2014,Female,45-64 years,9.8
"Deaths per 100,000 resident population, crude",2015,Female,45-64 years,10.2
"Deaths per 100,000 resident population, crude",2016,Female,45-64 years,9.9
"Deaths per 100,000 resident population, crude",2017,Female,45-64 years,9.7
"Deaths per 100,000 resident population, crude",2018,Female,45-64 years,9.8
"Deaths per 100,000 resident population, crude",1950,Female,55-64 years,9.9
"Deaths per 100,000 resident population, crude",1960,Female,55-64 years,10.2
"Deaths per 100,000 resident population, crude",1970,Female,55-64 years,11.4
"Deaths per 100,000 resident population, crude",1980,Female,55-64 years,8.4
"Deaths per 100,000 resident population, crude",1981,Female,55-64 years,8.8
"Deaths per 100,000 resident population, crude",1982,Female,55-64 years,8.8
"Deaths per 100,000 resident population, crude",1983,Female,55-64 years,8.4
"Deaths per 100,000 resident population, crude",1984,Female,55-64 years,8.5
"Deaths per 100,000 resident population, crude",1985,Female,55-64 years,7.8
"Deaths per 100,000 resident population, crude",1986,Female,55-64 years,8.5
"Deaths per 100,000 resident population, crude",1987,Female,55-64 years,7.7
"Deaths per 100,000 resident population, crude",1988,Female,55-64 years,7.3
"Deaths per 100,000 resident population, crude",1989,Female,55-64 years,7.4
"Deaths per 100,000 resident population, crude",1990,Female,55-64 years,7.3
"Deaths per 100,000 resident population, crude",1991,Female,55-64 years,6.5
"Deaths per 100,000 resident population, crude",1992,Female,55-64 years,6.5
"Deaths per 100,000 resident population, crude",1993,Female,55-64 years,6.2
"Deaths per 100,000 resident population, crude",1994,Female,55-64 years,5.5
"Deaths per 100,000 resident population, crude",1995,Female,55-64 years,5.3
"Deaths per 100,000 resident population, crude",1996,Female,55-64 years,5.5
"Deaths per 100,000 resident population, crude",1997,Female,55-64 years,5.3
"Deaths per 100,000 resident population, crude",1998,Female,55-64 years,5.5
"Deaths per 100,000 resident population, crude",1999,Female,55-64 years,5.2
"Deaths per 100,000 resident population, crude",2000,Female,55-64 years,5.4
"Deaths per 100,000 resident population, crude",2001,Female,55-64 years,5.8
"Deaths per 100,000 resident population, crude",2002,Female,55-64 years,5.6
"Deaths per 100,000 resident population, crude",2003,Female,55-64 years,5.9
"Deaths per 100,000 resident population, crude",2004,Female,55-64 years,6.1
"Deaths per 100,000 resident population, crude",2005,Female,55-64 years,6
"Deaths per 100,000 resident population, crude",2006,Female,55-64 years,6.8
"Deaths per 100,000 resident population, crude",2007,Female,55-64 years,7.2
"Deaths per 100,000 resident population, crude",2008,Female,55-64 years,6.9
"Deaths per 100,000 resident population, crude",2009,Female,55-64 years,7.4
"Deaths per 100,000 resident population, crude",2010,Female,55-64 years,8
"Deaths per 100,000 resident population, crude",2011,Female,55-64 years,7.6
"Deaths per 100,000 resident population, crude",2012,Female,55-64 years,8
"Deaths per 100,000 resident population, crude",2013,Female,55-64 years,8.7
"Deaths per 100,000 resident population, crude",2014,Female,55-64 years,8.9
"Deaths per 100,000 resident population, crude",2015,Female,55-64 years,9.7
"Deaths per 100,000 resident population, crude",2016,Female,55-64 years,9.4
"Deaths per 100,000 resident population, crude",2017,Female,55-64 years,8.9
"Deaths per 100,000 resident population, crude",2018,Female,55-64 years,9.5
"Deaths per 100,000 resident population, crude",1950,Female,65-74 years,10.1
"Deaths per 100,000 resident population, crude",1960,Female,65-74 years,8.4
"Deaths per 100,000 resident population, crude",1970,Female,65-74 years,9
"Deaths per 100,000 resident population, crude",1980,Female,65-74 years,6.5
"Deaths per 100,000 resident population, crude",1981,Female,65-74 years,6.8
"Deaths per 100,000 resident population, crude",1982,Female,65-74 years,6.9
"Deaths per 100,000 resident population, crude",1983,Female,65-74 years,7.3
"Deaths per 100,000 resident population, crude",1984,Female,65-74 years,7.3
"Deaths per 100,000 resident population, crude",1985,Female,65-74 years,6.9
"Deaths per 100,000 resident population, crude",1986,Female,65-74 years,7.3
"Deaths per 100,000 resident population, crude",1987,Female,65-74 years,7.2
"Deaths per 100,000 resident population, crude",1988,Female,65-74 years,6.8
"Deaths per 100,000 resident population, crude",1989,Female,65-74 years,6
"Deaths per 100,000 resident population, crude",1990,Female,65-74 years,6.7
"Deaths per 100,000 resident population, crude",1991,Female,65-74 years,6
"Deaths per 100,000 resident population, crude",1992,Female,65-74 years,5.9
"Deaths per 100,000 resident population, crude",1993,Female,65-74 years,5.9
"Deaths per 100,000 resident population, crude",1994,Female,65-74 years,5.4
"Deaths per 100,000 resident population, crude",1995,Female,65-74 years,5.4
"Deaths per 100,000 resident population, crude",1996,Female,65-74 years,4.8
"Deaths per 100,000 resident population, crude",1997,Female,65-74 years,4.6
"Deaths per 100,000 resident population, crude",1998,Female,65-74 years,4.3
"Deaths per 100,000 resident population, crude",1999,Female,65-74 years,4.1
"Deaths per 100,000 resident population, crude",2000,Female,65-74 years,4
"Deaths per 100,000 resident population, crude",2001,Female,65-74 years,3.9
"Deaths per 100,000 resident population, crude",2002,Female,65-74 years,4.1
"Deaths per 100,000 resident population, crude",2003,Female,65-74 years,3.8
"Deaths per 100,000 resident population, crude",2004,Female,65-74 years,3.7
"Deaths per 100,000 resident population, crude",2005,Female,65-74 years,4
"Deaths per 100,000 resident population, crude",2006,Female,65-74 years,4
"Deaths per 100,000 resident population, crude",2007,Female,65-74 years,4.2
"Deaths per 100,000 resident population, crude",2008,Female,65-74 years,4.4
"Deaths per 100,000 resident population, crude",2009,Female,65-74 years,4.6
"Deaths per 100,000 resident population, crude",2010,Female,65-74 years,4.8
"Deaths per 100,000 resident population, crude",2011,Female,65-74 years,5.2
"Deaths per 100,000 resident population, crude",2012,Female,65-74 years,5.2
"Deaths per 100,000 resident population, crude",2013,Female,65-74 years,5.4
"Deaths per 100,000 resident population, crude",2014,Female,65-74 years,5.9
"Deaths per 100,000 resident population, crude",2015,Female,65-74 years,5.7
"Deaths per 100,000 resident population, crude",2016,Female,65-74 years,6.2
"Deaths per 100,000 resident population, crude",2017,Female,65-74 years,6.2
"Deaths per 100,000 resident population, crude",2018,Female,65-74 years,6.2
"Deaths per 100,000 resident population, crude",1950,Female,75-84 years,8.1
"Deaths per 100,000 resident population, crude",1960,Female,75-84 years,8.9
"Deaths per 100,000 resident population, crude",1970,Female,75-84 years,7
"Deaths per 100,000 resident population, crude",1980,Female,75-84 years,5.5
"Deaths per 100,000 resident population, crude",1981,Female,75-84 years,5.2
"Deaths per 100,000 resident population, crude",1982,Female,75-84 years,5.8
"Deaths per 100,000 resident population, crude",1983,Female,75-84 years,6.3
"Deaths per 100,000 resident population, crude",1984,Female,75-84 years,6.3
"Deaths per 100,000 resident population, crude",1985,Female,75-84 years,6.7
"Deaths per 100,000 resident population, crude",1986,Female,75-84 years,7.4
"Deaths per 100,000 resident population, crude",1987,Female,75-84 years,6.9
"Deaths per 100,000 resident population, crude",1988,Female,75-84 years,6.8
"Deaths per 100,000 resident population, crude",1989,Female,75-84 years,5.9
"Deaths per 100,000 resident population, crude",1990,Female,75-84 years,6.3
"Deaths per 100,000 resident population, crude",1991,Female,75-84 years,5.7
"Deaths per 100,000 resident population, crude",1992,Female,75-84 years,6.2
"Deaths per 100,000 resident population, crude",1993,Female,75-84 years,5.8
"Deaths per 100,000 resident population, crude",1994,Female,75-84 years,5.2
"Deaths per 100,000 resident population, crude",1995,Female,75-84 years,5.4
"Deaths per 100,000 resident population, crude",1996,Female,75-84 years,4.9
"Deaths per 100,000 resident population, crude",1997,Female,75-84 years,5.1
"Deaths per 100,000 resident population, crude",1998,Female,75-84 years,4.9
"Deaths per 100,000 resident population, crude",1999,Female,75-84 years,4.7
"Deaths per 100,000 resident population, crude",2000,Female,75-84 years,4
"Deaths per 100,000 resident population, crude",2001,Female,75-84 years,4
"Deaths per 100,000 resident population, crude",2002,Female,75-84 years,4.2
"Deaths per 100,000 resident population, crude",2003,Female,75-84 years,4
"Deaths per 100,000 resident population, crude",2004,Female,75-84 years,3.9
"Deaths per 100,000 resident population, crude",2005,Female,75-84 years,4
"Deaths per 100,000 resident population, crude",2006,Female,75-84 years,4
"Deaths per 100,000 resident population, crude",2007,Female,75-84 years,3.8
"Deaths per 100,000 resident population, crude",2008,Female,75-84 years,3.8
"Deaths per 100,000 resident population, crude",2009,Female,75-84 years,3.6
"Deaths per 100,000 resident population, crude",2010,Female,75-84 years,3.7
"Deaths per 100,000 resident population, crude",2011,Female,75-84 years,3.8
"Deaths per 100,000 resident population, crude",2012,Female,75-84 years,3.9
"Deaths per 100,000 resident population, crude",2013,Female,75-84 years,3.9
"Deaths per 100,000 resident population, crude",2014,Female,75-84 years,4.3
"Deaths per 100,000 resident population, crude",2015,Female,75-84 years,4.6
"Deaths per 100,000 resident population, crude",2016,Female,75-84 years,4.5
"Deaths per 100,000 resident population, crude",2017,Female,75-84 years,4.3
"Deaths per 100,000 resident population, crude",2018,Female,75-84 years,4.2
"Deaths per 100,000 resident population, crude",1950,Female,85 years and over,8.2
"Deaths per 100,000 resident population, crude",1960,Female,85 years and over,6
"Deaths per 100,000 resident population, crude",1970,Female,85 years and over,5.9
"Deaths per 100,000 resident population, crude",1980,Female,85 years and over,5.5
"Deaths per 100,000 resident population, crude",1981,Female,85 years and over,3.8
"Deaths per 100,000 resident population, crude",1982,Female,85 years and over,3.8
"Deaths per 100,000 resident population, crude",1983,Female,85 years and over,5.2
"Deaths per 100,000 resident population, crude",1984,Female,85 years and over,5
"Deaths per 100,000 resident population, crude",1985,Female,85 years and over,4.7
"Deaths per 100,000 resident population, crude",1986,Female,85 years and over,4.8
"Deaths per 100,000 resident population, crude",1987,Female,85 years and over,4.7
"Deaths per 100,000 resident population, crude",1988,Female,85 years and over,5.2
"Deaths per 100,000 resident population, crude",1989,Female,85 years and over,5.9
"Deaths per 100,000 resident population, crude",1990,Female,85 years and over,5.4
"Deaths per 100,000 resident population, crude",1991,Female,85 years and over,6.2
"Deaths per 100,000 resident population, crude",1992,Female,85 years and over,6
"Deaths per 100,000 resident population, crude",1993,Female,85 years and over,5.3
"Deaths per 100,000 resident population, crude",1994,Female,85 years and over,6.1
"Deaths per 100,000 resident population, crude",1995,Female,85 years and over,5.4
"Deaths per 100,000 resident population, crude",1996,Female,85 years and over,4.3
"Deaths per 100,000 resident population, crude",1997,Female,85 years and over,4.8
"Deaths per 100,000 resident population, crude",1998,Female,85 years and over,5.7
"Deaths per 100,000 resident population, crude",1999,Female,85 years and over,4.1
"Deaths per 100,000 resident population, crude",2000,Female,85 years and over,4.2
"Deaths per 100,000 resident population, crude",2001,Female,85 years and over,3.4
"Deaths per 100,000 resident population, crude",2002,Female,85 years and over,4
"Deaths per 100,000 resident population, crude",2003,Female,85 years and over,3.5
"Deaths per 100,000 resident population, crude",2004,Female,85 years and over,3.8
"Deaths per 100,000 resident population, crude",2005,Female,85 years and over,4.3
"Deaths per 100,000 resident population, crude",2006,Female,85 years and over,3.3
"Deaths per 100,000 resident population, crude",2007,Female,85 years and over,3.4
"Deaths per 100,000 resident population, crude",2008,Female,85 years and over,3.8
"Deaths per 100,000 resident population, crude",2009,Female,85 years and over,3.2
"Deaths per 100,000 resident population, crude",2010,Female,85 years and over,3.3
"Deaths per 100,000 resident population, crude",2011,Female,85 years and over,3.5
"Deaths per 100,000 resident population, crude",2012,Female,85 years and over,3.2
"Deaths per 100,000 resident population, crude",2013,Female,85 years and over,3.3
"Deaths per 100,000 resident population, crude",2014,Female,85 years and over,3.4
"Deaths per 100,000 resident population, crude",2015,Female,85 years and over,4.2
"Deaths per 100,000 resident population, crude",2016,Female,85 years and over,3.5
"Deaths per 100,000 resident population, crude",2017,Female,85 years and over,3.5
"Deaths per 100,000 resident population, crude",2018,Female,85 years and over,3.6
